airline,date_of_journey,source,destination,dep_time,arrival_time,duration,total_stops,additional_info,price
Jet Airways,2019-03-06,Delhi,Cochin,05:30:00,19:45:00,2295,2.0,In-flight meal not included,15864
Indigo,2019-05-06,Banglore,Delhi,13:00:00,15:50:00,170,0.0,No Info,3943
Multiple Carriers,2019-04-27,Delhi,Cochin,07:10:00,16:10:00,540,1.0,In-flight meal not included,6093
Jet Airways,2019-03-21,Delhi,Cochin,18:20:00,18:50:00,1470,2.0,No Info,12604
Air India,2019-03-09,Delhi,Cochin,08:00:00,19:15:00,675,1.0,No Info,16754
Indigo,2019-05-24,Banglore,Delhi,21:15:00,00:15:00,180,0.0,No Info,3943
Jet Airways,2019-04-15,Banglore,Delhi,17:45:00,20:45:00,180,0.0,In-flight meal not included,4544
Spicejet,2019-04-03,Kolkata,Banglore,15:05:00,20:20:00,315,1.0,No Info,4649
Spicejet,2019-06-21,Chennai,Kolkata,08:20:00,10:35:00,135,0.0,No check-in baggage included,3543
Air India,2019-03-18,Banglore,New Delhi,00:30:00,08:45:00,495,1.0,No Info,13859
Air India,2019-03-09,Delhi,Cochin,23:00:00,07:40:00,520,1.0,No Info,10840
Jet Airways,2019-05-06,Kolkata,Banglore,18:55:00,08:15:00,800,1.0,In-flight meal not included,7757
Jet Airways,2019-05-01,Kolkata,Banglore,20:25:00,14:25:00,1080,1.0,In-flight meal not included,9314
Vistara,2019-04-15,Banglore,Delhi,17:00:00,19:35:00,155,0.0,No Info,5613
Spicejet,2019-03-27,Mumbai,Hyderabad,22:45:00,00:10:00,85,0.0,No Info,1759
Jet Airways,2019-06-12,Kolkata,Banglore,06:30:00,16:20:00,590,1.0,No Info,13626
Jet Airways,2019-05-15,Banglore,Delhi,08:20:00,11:20:00,180,0.0,No Info,7229
Jet Airways,2019-03-15,Banglore,New Delhi,07:00:00,12:25:00,325,1.0,In-flight meal not included,9134
Jet Airways,2019-05-21,Delhi,Cochin,09:40:00,04:25:00,1125,2.0,In-flight meal not included,13029
Jet Airways,2019-06-03,Delhi,Cochin,16:00:00,12:35:00,1235,1.0,No Info,14714
Air India,2019-06-21,Mumbai,Hyderabad,15:00:00,16:25:00,85,0.0,No Info,3100
Jet Airways,2019-05-01,Kolkata,Banglore,08:25:00,18:15:00,590,1.0,No Info,14781
Air India,2019-03-18,Banglore,New Delhi,08:50:00,10:35:00,1545,2.0,No Info,11885
Jet Airways,2019-04-01,Kolkata,Banglore,09:35:00,10:55:00,1520,1.0,No Info,11467
Goair,2019-05-09,Delhi,Cochin,07:25:00,13:35:00,370,1.0,No Info,5842
Air India,2019-05-03,Chennai,Kolkata,11:40:00,13:55:00,135,0.0,No Info,4667
Jet Airways,2019-03-24,Kolkata,Banglore,21:10:00,23:25:00,1575,1.0,No Info,13759
Indigo,2019-03-21,Delhi,Cochin,17:10:00,01:35:00,505,1.0,No Info,7318
Jet Airways,2019-03-01,Banglore,New Delhi,20:35:00,11:25:00,890,1.0,No Info,31825
Indigo,2019-06-06,Kolkata,Banglore,21:25:00,00:05:00,160,0.0,No Info,4804
Jet Airways,2019-06-06,Banglore,Delhi,17:45:00,20:45:00,180,0.0,No Info,8016
Air India,2019-04-03,Banglore,Delhi,13:20:00,16:10:00,170,0.0,No Info,5176
Air India,2019-05-27,Delhi,Cochin,21:00:00,19:15:00,1335,1.0,No Info,8372
Jet Airways,2019-05-09,Delhi,Cochin,21:50:00,19:00:00,1270,1.0,In-flight meal not included,12373
Jet Airways,2019-03-01,Banglore,New Delhi,08:00:00,05:05:00,1265,1.0,No Info,22270
Indigo,2019-06-12,Delhi,Cochin,17:05:00,22:25:00,320,1.0,No Info,6147
Jet Airways,2019-03-06,Delhi,Cochin,22:20:00,04:25:00,365,1.0,In-flight meal not included,12583
Spicejet,2019-04-12,Kolkata,Banglore,22:20:00,00:40:00,140,0.0,No Info,3873
Jet Airways,2019-06-09,Delhi,Cochin,21:50:00,19:00:00,1270,1.0,In-flight meal not included,10262
Multiple Carriers,2019-05-21,Delhi,Cochin,07:05:00,19:15:00,730,1.0,In-flight meal not included,10711
Jet Airways,2019-03-27,Delhi,Cochin,19:45:00,19:45:00,1440,1.0,In-flight meal not included,5963
Air India,2019-03-12,Mumbai,Hyderabad,05:55:00,19:10:00,795,1.0,No Info,8528
Jet Airways,2019-05-24,Mumbai,Hyderabad,02:55:00,04:20:00,85,0.0,In-flight meal not included,4995
Multiple Carriers,2019-03-06,Delhi,Cochin,07:05:00,22:20:00,915,1.0,No Info,6916
Multiple Carriers,2019-03-27,Delhi,Cochin,12:50:00,21:00:00,490,1.0,No Info,6637
Multiple Carriers,2019-05-21,Delhi,Cochin,09:45:00,18:10:00,505,1.0,No Info,9646
Jet Airways,2019-05-24,Kolkata,Banglore,20:00:00,19:50:00,1430,1.0,In-flight meal not included,10844
Jet Airways,2019-05-21,Kolkata,Banglore,08:25:00,08:15:00,1430,1.0,In-flight meal not included,8586
Jet Airways,2019-05-21,Kolkata,Banglore,08:25:00,19:50:00,685,1.0,In-flight meal not included,10844
Air India,2019-03-21,Delhi,Cochin,13:30:00,23:00:00,570,1.0,No Info,5704
Multiple Carriers,2019-06-03,Delhi,Cochin,12:50:00,01:30:00,760,1.0,No Info,7530
Jet Airways,2019-03-01,Banglore,New Delhi,08:55:00,05:05:00,1210,1.0,1 Long layover,26890
Jet Airways,2019-03-18,Banglore,New Delhi,05:45:00,10:45:00,300,1.0,No Info,12284
Jet Airways,2019-03-09,Delhi,Cochin,00:20:00,04:25:00,1685,1.0,In-flight meal not included,11848
Indigo,2019-04-21,Banglore,Delhi,21:15:00,00:15:00,180,0.0,No Info,4423
Multiple Carriers,2019-05-18,Delhi,Cochin,15:00:00,01:30:00,630,1.0,No Info,13727
Multiple Carriers,2019-06-01,Delhi,Cochin,07:10:00,22:30:00,920,1.0,No Info,7038
Indigo,2019-05-15,Delhi,Cochin,18:35:00,01:30:00,415,1.0,No Info,7191
Jet Airways,2019-06-15,Delhi,Cochin,21:25:00,12:35:00,910,2.0,In-flight meal not included,9905
Indigo,2019-05-12,Mumbai,Hyderabad,06:25:00,07:55:00,90,0.0,No Info,4049
Multiple Carriers,2019-03-06,Delhi,Cochin,19:00:00,01:35:00,395,1.0,No Info,15147
Jet Airways,2019-05-01,Kolkata,Banglore,10:20:00,17:35:00,435,1.0,In-flight meal not included,5608
Air India,2019-03-06,Mumbai,Hyderabad,05:30:00,14:50:00,560,2.0,No Info,13757
Air India,2019-03-06,Delhi,Cochin,10:00:00,19:15:00,555,1.0,No Info,16439
Indigo,2019-06-03,Chennai,Kolkata,05:15:00,07:40:00,145,0.0,No Info,3540
Jet Airways,2019-03-21,Banglore,New Delhi,07:00:00,19:10:00,730,1.0,In-flight meal not included,7832
Multiple Carriers,2019-03-21,Delhi,Cochin,17:30:00,01:35:00,485,1.0,No Info,13542
Indigo,2019-05-06,Kolkata,Banglore,09:35:00,12:20:00,165,0.0,No Info,4804
Jet Airways,2019-06-12,Kolkata,Banglore,18:55:00,19:50:00,1495,1.0,In-flight meal not included,8529
Indigo,2019-04-09,Banglore,Delhi,04:00:00,06:50:00,170,0.0,No Info,3943
Multiple Carriers,2019-05-27,Delhi,Cochin,11:30:00,01:30:00,840,1.0,No Info,13377
Spicejet,2019-06-21,Kolkata,Banglore,17:10:00,19:40:00,150,0.0,No Info,3873
Indigo,2019-05-27,Chennai,Kolkata,14:45:00,17:05:00,140,0.0,No Info,3597
Air India,2019-03-06,Delhi,Cochin,17:20:00,09:25:00,965,1.0,No Info,12677
Jet Airways,2019-05-15,Kolkata,Banglore,08:25:00,18:15:00,590,1.0,No Info,14781
Air India,2019-03-03,Mumbai,Hyderabad,13:55:00,15:25:00,90,0.0,No Info,6092
Vistara,2019-05-01,Kolkata,Banglore,17:00:00,09:05:00,965,1.0,No Info,8452
Air Asia,2019-05-21,Kolkata,Banglore,07:35:00,23:30:00,955,1.0,No Info,5192
Indigo,2019-06-03,Kolkata,Banglore,15:15:00,17:45:00,150,0.0,No Info,4804
Indigo,2019-06-15,Chennai,Kolkata,13:15:00,15:35:00,140,0.0,No Info,3597
Jet Airways,2019-06-12,Kolkata,Banglore,08:25:00,20:45:00,740,1.0,In-flight meal not included,9899
Multiple Carriers,2019-05-18,Delhi,Cochin,13:00:00,21:00:00,480,1.0,No Info,9385
Jet Airways,2019-05-18,Kolkata,Banglore,20:25:00,14:25:00,1080,1.0,No Info,13067
Multiple Carriers,2019-06-15,Delhi,Cochin,11:40:00,19:15:00,455,1.0,No Info,9526
Air India,2019-05-27,Delhi,Cochin,06:50:00,07:40:00,1490,2.0,No Info,16163
Indigo,2019-05-09,Kolkata,Banglore,06:20:00,10:20:00,240,1.0,No Info,4226
Jet Airways,2019-05-21,Kolkata,Banglore,14:05:00,04:40:00,875,1.0,In-flight meal not included,9663
Jet Airways,2019-05-21,Kolkata,Banglore,20:25:00,14:25:00,1080,1.0,No Info,11467
Indigo,2019-03-12,Chennai,Kolkata,13:20:00,15:35:00,135,0.0,No Info,6297
Jet Airways,2019-03-09,Delhi,Cochin,16:00:00,18:50:00,1610,1.0,In-flight meal not included,14053
Indigo,2019-03-01,Banglore,New Delhi,05:15:00,10:00:00,285,1.0,No Info,8064
Jet Airways,2019-05-21,Delhi,Cochin,19:45:00,12:35:00,1010,1.0,In-flight meal not included,12898
Multiple Carriers,2019-06-01,Delhi,Cochin,10:00:00,21:00:00,660,1.0,No Info,13587
Air India,2019-03-01,Mumbai,Hyderabad,13:55:00,15:25:00,90,0.0,No Info,10082
Jet Airways,2019-04-12,Banglore,Delhi,06:00:00,08:45:00,165,0.0,In-flight meal not included,5198
Jet Airways,2019-06-12,Banglore,Delhi,17:45:00,20:45:00,180,0.0,In-flight meal not included,5769
Jet Airways,2019-06-24,Delhi,Cochin,09:00:00,12:35:00,1655,1.0,In-flight meal not included,10262
Spicejet,2019-05-24,Banglore,Delhi,21:10:00,00:05:00,175,0.0,No check-in baggage included,3919
Multiple Carriers,2019-05-09,Delhi,Cochin,10:00:00,01:30:00,930,1.0,No Info,15078
Indigo,2019-03-21,Banglore,New Delhi,20:00:00,22:55:00,175,0.0,No Info,6144
Jet Airways,2019-06-06,Delhi,Cochin,13:00:00,04:25:00,925,1.0,No Info,14714
Multiple Carriers,2019-05-15,Delhi,Cochin,03:50:00,12:35:00,525,1.0,No Info,10197
Jet Airways,2019-05-09,Kolkata,Banglore,08:25:00,20:45:00,740,1.0,No Info,14781
Air India,2019-06-12,Delhi,Cochin,14:10:00,17:10:00,180,0.0,No Info,5201
Indigo,2019-04-18,Banglore,Delhi,01:30:00,04:15:00,165,0.0,No Info,4591
Indigo,2019-06-24,Chennai,Kolkata,19:35:00,21:55:00,140,0.0,No Info,3597
Multiple Carriers,2019-06-06,Delhi,Cochin,11:30:00,21:00:00,570,1.0,No Info,13587
Indigo,2019-05-06,Kolkata,Banglore,19:35:00,23:15:00,220,1.0,No Info,4226
Indigo,2019-03-15,Banglore,New Delhi,21:20:00,00:15:00,175,0.0,No Info,8033
Jet Airways,2019-05-27,Delhi,Cochin,11:30:00,19:00:00,450,1.0,No Info,16079
Air Asia,2019-05-01,Kolkata,Banglore,22:40:00,10:40:00,720,1.0,No Info,5192
Multiple Carriers,2019-06-01,Delhi,Cochin,11:25:00,19:15:00,470,1.0,No Info,8937
Indigo,2019-06-09,Delhi,Cochin,16:00:00,21:00:00,300,1.0,No Info,6069
Jet Airways,2019-04-18,Banglore,Delhi,07:10:00,10:10:00,180,0.0,No Info,7229
Indigo,2019-04-12,Banglore,Delhi,23:30:00,02:20:00,170,0.0,No Info,6906
Multiple Carriers,2019-03-21,Delhi,Cochin,15:15:00,01:35:00,620,1.0,No Info,7695
Indigo,2019-05-15,Chennai,Kolkata,07:55:00,10:15:00,140,0.0,No Info,3850
Air India,2019-05-24,Kolkata,Banglore,10:00:00,01:20:00,920,2.0,No Info,13873
Air India,2019-05-21,Kolkata,Banglore,07:00:00,20:25:00,805,1.0,No Info,11096
Jet Airways,2019-06-06,Delhi,Cochin,14:35:00,04:25:00,830,2.0,No Info,13376
Air India,2019-05-21,Kolkata,Banglore,12:00:00,21:50:00,590,2.0,No Info,10151
Air India,2019-05-18,Kolkata,Banglore,08:20:00,11:10:00,1610,2.0,No Info,11222
Air India,2019-06-24,Delhi,Cochin,10:55:00,07:40:00,1245,2.0,No Info,11753
Multiple Carriers,2019-05-24,Delhi,Cochin,09:00:00,19:00:00,600,1.0,No Info,10197
Jet Airways,2019-05-12,Kolkata,Banglore,21:10:00,04:40:00,450,1.0,In-flight meal not included,8586
Jet Airways,2019-03-06,Delhi,Cochin,05:25:00,04:25:00,1380,2.0,In-flight meal not included,16389
Indigo,2019-03-06,Delhi,Cochin,07:30:00,15:30:00,480,1.0,No Info,14871
Multiple Carriers,2019-06-01,Delhi,Cochin,07:05:00,16:10:00,545,1.0,No Info,9646
Multiple Carriers,2019-03-06,Delhi,Cochin,04:00:00,18:50:00,890,1.0,No Info,13399
Spicejet,2019-04-27,Kolkata,Banglore,22:20:00,00:40:00,140,0.0,No Info,3873
Jet Airways,2019-05-12,Kolkata,Banglore,06:30:00,04:40:00,1330,1.0,No Info,13941
Indigo,2019-03-18,Mumbai,Hyderabad,21:20:00,22:45:00,85,0.0,No Info,2227
Jet Airways,2019-03-21,Banglore,New Delhi,08:00:00,07:40:00,1420,1.0,In-flight meal not included,7832
Jet Airways,2019-04-24,Banglore,Delhi,19:50:00,22:50:00,180,0.0,No Info,7229
Air India,2019-06-09,Delhi,Cochin,19:45:00,19:15:00,1410,2.0,No Info,9968
Air India,2019-05-18,Delhi,Cochin,06:05:00,09:25:00,1640,1.0,No Info,7480
Jet Airways,2019-06-09,Delhi,Cochin,11:00:00,14:15:00,195,0.0,In-flight meal not included,7202
Jet Airways,2019-03-21,Delhi,Cochin,10:45:00,18:50:00,1925,2.0,No Info,11869
Jet Airways,2019-06-15,Banglore,Delhi,08:20:00,11:20:00,180,0.0,No Info,8016
Multiple Carriers,2019-06-01,Delhi,Cochin,08:00:00,19:15:00,675,1.0,No Info,16108
Indigo,2019-06-24,Mumbai,Hyderabad,01:40:00,03:10:00,90,0.0,No Info,2754
Goair,2019-06-09,Banglore,Delhi,07:45:00,10:40:00,175,0.0,No Info,3898
Goair,2019-04-24,Delhi,Cochin,07:00:00,12:55:00,355,1.0,No Info,6195
Jet Airways,2019-06-27,Delhi,Cochin,14:00:00,12:35:00,1355,1.0,In-flight meal not included,10262
Jet Airways,2019-03-06,Banglore,New Delhi,22:50:00,05:05:00,375,1.0,No Info,19225
Jet Airways,2019-03-27,Delhi,Cochin,21:50:00,04:25:00,395,1.0,In-flight meal not included,6017
Air India,2019-06-06,Kolkata,Banglore,07:00:00,05:25:00,1345,2.0,No Info,12009
Vistara,2019-06-18,Banglore,Delhi,09:45:00,12:35:00,170,0.0,No Info,4668
Indigo,2019-06-27,Mumbai,Hyderabad,20:05:00,21:40:00,95,0.0,No Info,2227
Jet Airways,2019-05-24,Kolkata,Banglore,20:00:00,09:20:00,800,1.0,No Info,14571
Air India,2019-05-01,Kolkata,Banglore,09:25:00,05:25:00,1200,2.0,No Info,14687
Air India,2019-04-01,Kolkata,Banglore,12:00:00,21:50:00,590,2.0,No Info,9258
Air India,2019-06-06,Banglore,Delhi,06:10:00,08:55:00,165,0.0,No Info,6961
Air India,2019-03-15,Banglore,New Delhi,10:30:00,21:25:00,655,2.0,No Info,6593
Multiple Carriers,2019-06-09,Delhi,Cochin,04:55:00,19:00:00,845,1.0,No Info,10877
Jet Airways,2019-04-01,Kolkata,Banglore,09:35:00,18:00:00,505,1.0,In-flight meal not included,9314
Air India,2019-05-24,Kolkata,Banglore,05:50:00,20:25:00,875,2.0,No Info,11201
Jet Airways,2019-06-24,Delhi,Cochin,14:35:00,12:35:00,1320,2.0,No Info,13376
Multiple Carriers,2019-05-09,Delhi,Cochin,08:00:00,19:00:00,660,1.0,No Info,10197
Jet Airways,2019-05-15,Kolkata,Banglore,18:55:00,04:40:00,585,1.0,In-flight meal not included,9663
Multiple Carriers,2019-03-27,Delhi,Cochin,07:00:00,15:30:00,510,1.0,No Info,6148
Indigo,2019-03-06,Kolkata,Banglore,05:30:00,08:20:00,170,0.0,No Info,4778
Spicejet,2019-04-27,Kolkata,Banglore,09:00:00,11:25:00,145,0.0,No Info,4174
Multiple Carriers,2019-03-27,Delhi,Cochin,10:45:00,19:15:00,510,1.0,No Info,7154
Jet Airways,2019-05-18,Delhi,Cochin,11:00:00,14:15:00,195,0.0,No Info,9564
Jet Airways,2019-06-12,Delhi,Cochin,14:00:00,19:00:00,300,1.0,No Info,14714
Multiple Carriers,2019-06-01,Delhi,Cochin,13:00:00,01:30:00,750,1.0,No Info,7723
Air Asia,2019-05-12,Kolkata,Banglore,22:40:00,10:40:00,720,1.0,No Info,5192
Jet Airways,2019-05-06,Kolkata,Banglore,14:05:00,12:00:00,1315,1.0,In-flight meal not included,9663
Spicejet,2019-05-03,Chennai,Kolkata,17:45:00,20:05:00,140,0.0,No Info,3597
Jet Airways,2019-03-01,Banglore,New Delhi,11:40:00,00:45:00,785,1.0,No Info,26890
Multiple Carriers,2019-06-12,Delhi,Cochin,10:20:00,19:00:00,520,1.0,No Info,11789
Multiple Carriers,2019-05-18,Delhi,Cochin,08:45:00,21:00:00,735,1.0,No Info,7670
Jet Airways,2019-06-06,Delhi,Cochin,13:00:00,04:25:00,925,1.0,In-flight meal not included,10262
Jet Airways,2019-05-18,Delhi,Cochin,23:05:00,19:00:00,1195,2.0,No Info,15129
Air India,2019-05-09,Kolkata,Banglore,19:00:00,11:05:00,965,1.0,No Info,6117
Multiple Carriers,2019-05-15,Delhi,Cochin,08:45:00,19:15:00,630,1.0,No Info,8266
Jet Airways,2019-06-09,Kolkata,Banglore,06:30:00,18:15:00,705,1.0,In-flight meal not included,10844
Multiple Carriers,2019-06-27,Delhi,Cochin,07:30:00,19:15:00,705,1.0,No Info,8266
Jet Airways,2019-06-06,Kolkata,Banglore,08:25:00,20:45:00,740,1.0,In-flight meal not included,10844
Jet Airways,2019-06-27,Delhi,Cochin,15:00:00,19:00:00,1680,1.0,In-flight meal not included,10262
Indigo,2019-04-06,Banglore,Delhi,08:30:00,11:20:00,170,0.0,No Info,4823
Spicejet,2019-05-27,Delhi,Cochin,17:55:00,22:50:00,295,1.0,No Info,5673
Jet Airways,2019-06-03,Delhi,Cochin,07:05:00,19:00:00,715,1.0,No Info,14924
Jet Airways,2019-06-09,Kolkata,Banglore,20:00:00,12:00:00,960,1.0,In-flight meal not included,10844
Multiple Carriers,2019-03-06,Delhi,Cochin,09:00:00,19:15:00,615,1.0,In-flight meal not included,15342
Air India,2019-04-27,Delhi,Cochin,18:05:00,21:10:00,185,0.0,No Info,5411
Spicejet,2019-03-06,Mumbai,Hyderabad,05:45:00,07:05:00,80,0.0,No Info,4129
Multiple Carriers,2019-03-06,Delhi,Cochin,10:20:00,21:00:00,640,1.0,No Info,15147
Air Asia,2019-05-09,Kolkata,Banglore,15:10:00,23:30:00,500,2.0,No Info,5192
Jet Airways,2019-04-06,Banglore,Delhi,08:20:00,11:20:00,180,0.0,In-flight meal not included,4544
Indigo,2019-04-03,Banglore,Delhi,20:00:00,22:50:00,170,0.0,No Info,4823
Jet Airways,2019-06-12,Delhi,Cochin,20:55:00,19:00:00,1325,1.0,In-flight meal not included,10262
Jet Airways,2019-04-01,Kolkata,Banglore,20:00:00,22:35:00,1595,1.0,In-flight meal not included,7064
Vistara,2019-04-01,Kolkata,Banglore,17:00:00,09:05:00,965,1.0,No Info,8662
Jet Airways,2019-06-01,Delhi,Cochin,18:15:00,19:00:00,1485,1.0,No Info,14714
Jet Airways,2019-05-06,Kolkata,Banglore,06:30:00,16:20:00,590,1.0,In-flight meal not included,10844
Jet Airways,2019-03-09,Delhi,Cochin,13:55:00,04:25:00,870,2.0,No Info,17229
Indigo,2019-05-06,Delhi,Cochin,10:35:00,01:30:00,895,1.0,No Info,6979
Indigo,2019-06-24,Delhi,Cochin,07:35:00,12:10:00,275,1.0,No Info,5054
Jet Airways,2019-05-27,Banglore,Delhi,17:45:00,20:45:00,180,0.0,No Info,7229
Jet Airways,2019-05-21,Kolkata,Banglore,14:05:00,23:35:00,570,1.0,No Info,14781
Air India,2019-06-24,Delhi,Cochin,05:15:00,19:15:00,2280,3.0,No Info,10493
Spicejet,2019-05-15,Banglore,Delhi,09:30:00,12:20:00,170,0.0,No Info,4423
Air India,2019-03-21,Delhi,Cochin,17:15:00,19:15:00,1560,2.0,No Info,8245
Jet Airways,2019-03-12,Banglore,New Delhi,20:35:00,15:15:00,1120,1.0,In-flight meal not included,11087
Jet Airways,2019-04-06,Banglore,Delhi,07:10:00,10:10:00,180,0.0,In-flight meal not included,4544
Jet Airways,2019-06-12,Kolkata,Banglore,18:55:00,23:35:00,1720,1.0,In-flight meal not included,8529
Goair,2019-04-06,Banglore,Delhi,07:45:00,10:40:00,175,0.0,No Info,4632
Indigo,2019-06-09,Kolkata,Banglore,09:20:00,14:15:00,295,1.0,No Info,11465
Multiple Carriers,2019-03-27,Delhi,Cochin,07:10:00,21:20:00,850,2.0,No Info,6197
Multiple Carriers,2019-06-03,Delhi,Cochin,17:45:00,01:30:00,465,1.0,No Info,7530
Jet Airways,2019-06-06,Delhi,Cochin,16:00:00,04:25:00,745,1.0,In-flight meal not included,10262
Jet Airways,2019-06-27,Banglore,Delhi,08:20:00,11:20:00,180,0.0,In-flight meal not included,6478
Jet Airways,2019-06-03,Delhi,Cochin,07:05:00,19:00:00,715,1.0,In-flight meal not included,10577
Indigo,2019-06-21,Delhi,Cochin,05:35:00,08:50:00,195,0.0,No Info,5000
Spicejet,2019-05-06,Banglore,Delhi,09:30:00,12:20:00,170,0.0,No Info,3971
Air Asia,2019-04-21,Kolkata,Banglore,10:20:00,12:55:00,155,0.0,No Info,4409
Jet Airways,2019-06-15,Banglore,Delhi,19:50:00,22:50:00,180,0.0,In-flight meal not included,7229
Indigo,2019-05-18,Kolkata,Banglore,19:20:00,23:45:00,265,1.0,No Info,3717
Multiple Carriers,2019-05-27,Delhi,Cochin,10:20:00,19:00:00,520,1.0,No Info,9794
Jet Airways,2019-03-12,Banglore,New Delhi,18:55:00,16:10:00,1275,1.0,In-flight meal not included,11087
Vistara,2019-04-09,Banglore,Delhi,11:30:00,14:20:00,170,0.0,No Info,5403
Air India,2019-03-03,Banglore,New Delhi,06:10:00,08:55:00,165,0.0,No Info,7591
Vistara,2019-03-01,Chennai,Kolkata,07:05:00,09:20:00,135,0.0,No Info,9125
Indigo,2019-06-18,Chennai,Kolkata,11:35:00,14:00:00,145,0.0,No Info,3858
Spicejet,2019-05-06,Chennai,Kolkata,09:45:00,12:00:00,135,0.0,No check-in baggage included,3543
Multiple Carriers,2019-05-21,Delhi,Cochin,10:35:00,19:15:00,520,1.0,No Info,7575
Indigo,2019-05-01,Banglore,Delhi,18:25:00,21:20:00,175,0.0,No Info,4823
Goair,2019-06-09,Delhi,Cochin,05:55:00,13:35:00,460,1.0,No Info,5199
Air India,2019-06-09,Kolkata,Banglore,20:30:00,20:25:00,1435,1.0,No Info,10203
Goair,2019-04-18,Banglore,Delhi,20:55:00,23:40:00,165,0.0,No Info,5048
Jet Airways,2019-05-18,Kolkata,Banglore,05:45:00,04:40:00,1375,1.0,In-flight meal not included,8586
Spicejet,2019-04-21,Kolkata,Banglore,09:00:00,11:25:00,145,0.0,No Info,4491
Multiple Carriers,2019-06-27,Delhi,Cochin,11:25:00,19:15:00,470,1.0,No Info,7155
Indigo,2019-04-06,Kolkata,Banglore,20:20:00,22:55:00,155,0.0,No Info,4174
Indigo,2019-05-24,Kolkata,Banglore,22:15:00,00:50:00,155,0.0,No Info,4804
Jet Airways,2019-05-21,Delhi,Cochin,07:05:00,19:00:00,715,1.0,In-flight meal not included,12239
Spicejet,2019-03-21,Chennai,Kolkata,09:30:00,12:05:00,155,0.0,No check-in baggage included,3332
Indigo,2019-03-06,Kolkata,Banglore,15:10:00,17:45:00,155,0.0,No Info,5618
Jet Airways,2019-05-01,Kolkata,Banglore,17:00:00,19:10:00,1570,1.0,In-flight meal not included,9314
Multiple Carriers,2019-05-18,Delhi,Cochin,08:00:00,21:00:00,780,1.0,No Info,13727
Spicejet,2019-03-15,Chennai,Kolkata,08:20:00,10:35:00,135,0.0,No Info,6300
Multiple Carriers,2019-06-01,Delhi,Cochin,04:55:00,12:35:00,460,1.0,No Info,11098
Indigo,2019-03-01,Kolkata,Banglore,21:25:00,00:05:00,160,0.0,No Info,4778
Vistara,2019-06-21,Delhi,Cochin,14:40:00,17:50:00,190,0.0,No Info,6216
Vistara,2019-05-01,Chennai,Kolkata,07:05:00,09:20:00,135,0.0,No Info,3687
Air India,2019-03-27,Kolkata,Banglore,14:15:00,16:45:00,150,0.0,No Info,5170
Jet Airways,2019-06-09,Delhi,Cochin,09:40:00,19:00:00,560,2.0,In-flight meal not included,10368
Jet Airways,2019-03-27,Delhi,Cochin,19:45:00,04:25:00,520,1.0,In-flight meal not included,6540
Jet Airways,2019-03-06,Banglore,New Delhi,08:00:00,08:15:00,1455,1.0,No Info,17996
Jet Airways,2019-05-18,Mumbai,Hyderabad,10:20:00,11:50:00,90,0.0,No Info,5678
Air India,2019-05-21,Kolkata,Banglore,08:20:00,23:15:00,895,2.0,No Info,13164
Jet Airways,2019-03-21,Banglore,New Delhi,11:40:00,21:20:00,580,1.0,In-flight meal not included,7832
Indigo,2019-06-24,Banglore,Delhi,04:00:00,06:50:00,170,0.0,No Info,3943
Spicejet,2019-03-21,Delhi,Cochin,08:45:00,13:15:00,270,1.0,No Info,6460
Jet Airways,2019-04-03,Delhi,Cochin,14:00:00,19:00:00,300,1.0,In-flight meal not included,5177
Jet Airways,2019-06-06,Delhi,Cochin,11:40:00,19:00:00,440,2.0,In-flight meal not included,15812
Jet Airways,2019-03-24,Kolkata,Banglore,16:55:00,12:00:00,1145,1.0,No Info,14231
Air India,2019-05-09,Delhi,Cochin,09:45:00,09:25:00,1420,2.0,No Info,9925
Multiple Carriers,2019-03-21,Delhi,Cochin,10:00:00,21:00:00,660,1.0,In-flight meal not included,8085
Indigo,2019-06-15,Delhi,Cochin,11:25:00,01:30:00,845,1.0,No Info,5883
Spicejet,2019-06-03,Kolkata,Banglore,17:10:00,19:40:00,150,0.0,No check-in baggage included,3841
Jet Airways,2019-06-09,Kolkata,Banglore,06:30:00,12:00:00,330,1.0,No Info,14571
Air India,2019-05-03,Banglore,Delhi,13:20:00,16:10:00,170,0.0,No Info,6121
Multiple Carriers,2019-05-09,Delhi,Cochin,04:55:00,19:15:00,860,1.0,No Info,7575
Air India,2019-06-01,Kolkata,Banglore,20:45:00,23:20:00,155,0.0,No Info,4145
Air India,2019-03-27,Delhi,Cochin,20:30:00,08:15:00,705,1.0,No Info,5998
Jet Airways,2019-04-01,Banglore,Delhi,15:15:00,18:10:00,175,0.0,No Info,7229
Jet Airways,2019-06-18,Mumbai,Hyderabad,08:45:00,10:15:00,90,0.0,No Info,8040
Jet Airways,2019-06-15,Delhi,Cochin,12:15:00,04:25:00,970,2.0,No Info,14300
Jet Airways,2019-05-21,Delhi,Cochin,10:00:00,04:25:00,1105,1.0,In-flight meal not included,12898
Jet Airways,2019-03-27,Delhi,Cochin,05:10:00,19:45:00,2315,2.0,In-flight meal not included,8098
Multiple Carriers,2019-03-06,Delhi,Cochin,13:00:00,21:00:00,480,1.0,No Info,15603
Indigo,2019-03-12,Mumbai,Hyderabad,06:20:00,07:45:00,85,0.0,No Info,4049
Spicejet,2019-06-01,Kolkata,Banglore,22:20:00,00:40:00,140,0.0,No check-in baggage included,3841
Jet Airways,2019-06-12,Kolkata,Banglore,20:00:00,08:15:00,735,1.0,No Info,13044
Indigo,2019-05-15,Banglore,Delhi,20:00:00,22:50:00,170,0.0,No Info,4823
Spicejet,2019-03-27,Delhi,Cochin,15:55:00,21:55:00,360,1.0,No Info,5111
Multiple Carriers,2019-03-06,Delhi,Cochin,09:00:00,21:00:00,720,1.0,No Info,15078
Jet Airways,2019-05-18,Delhi,Cochin,13:00:00,12:35:00,1415,1.0,In-flight meal not included,12373
Jet Airways,2019-05-27,Delhi,Cochin,14:00:00,12:35:00,1355,1.0,In-flight meal not included,12898
Multiple Carriers,2019-06-03,Delhi,Cochin,12:50:00,21:00:00,490,1.0,No Info,7740
Multiple Carriers,2019-06-12,Delhi,Cochin,14:00:00,21:00:00,420,1.0,No Info,13587
Air India,2019-03-06,Banglore,New Delhi,11:50:00,19:50:00,480,1.0,No Info,14594
Vistara,2019-03-06,Mumbai,Hyderabad,21:55:00,22:55:00,1500,1.0,No Info,12395
Air India,2019-06-27,Delhi,Cochin,05:15:00,19:15:00,2280,3.0,No Info,10703
Indigo,2019-06-09,Delhi,Cochin,05:05:00,16:10:00,665,1.0,No Info,6600
Air India,2019-05-12,Kolkata,Banglore,16:45:00,12:30:00,1185,2.0,No Info,14330
Jet Airways,2019-03-12,Banglore,New Delhi,22:55:00,11:25:00,750,1.0,No Info,13817
Jet Airways,2019-05-09,Kolkata,Banglore,06:30:00,18:15:00,705,1.0,No Info,14781
Spicejet,2019-04-21,Banglore,Delhi,09:30:00,12:20:00,170,0.0,No check-in baggage included,4885
Spicejet,2019-05-03,Chennai,Kolkata,09:45:00,12:00:00,135,0.0,No check-in baggage included,3859
Indigo,2019-06-18,Mumbai,Hyderabad,06:25:00,07:55:00,90,0.0,No Info,4049
Jet Airways,2019-03-12,Banglore,New Delhi,20:35:00,18:25:00,1310,1.0,In-flight meal not included,11087
Jet Airways,2019-05-24,Kolkata,Banglore,20:00:00,10:05:00,845,1.0,In-flight meal not included,8586
Jet Airways,2019-05-15,Kolkata,Banglore,08:25:00,19:50:00,685,1.0,In-flight meal not included,10844
Jet Airways,2019-04-01,Banglore,Delhi,18:55:00,22:00:00,185,0.0,In-flight meal not included,4544
Air India,2019-05-24,Banglore,Delhi,17:00:00,19:45:00,165,0.0,No Info,7171
Vistara,2019-03-18,Banglore,New Delhi,16:00:00,18:35:00,155,0.0,No Info,11913
Multiple Carriers,2019-03-03,Delhi,Cochin,17:50:00,01:35:00,465,2.0,No Info,24528
Air India,2019-03-15,Banglore,New Delhi,05:50:00,22:10:00,980,2.0,No Info,10111
Indigo,2019-05-01,Kolkata,Banglore,19:20:00,23:45:00,265,1.0,No Info,3809
Jet Airways,2019-06-09,Kolkata,Banglore,20:25:00,21:05:00,1480,1.0,No Info,12692
Jet Airways,2019-03-09,Delhi,Cochin,06:50:00,19:45:00,775,1.0,In-flight meal not included,14053
Indigo,2019-05-24,Kolkata,Banglore,18:05:00,23:30:00,325,1.0,No Info,6218
Jet Airways,2019-03-21,Banglore,New Delhi,14:05:00,10:25:00,1220,1.0,In-flight meal not included,7832
Air India,2019-05-12,Kolkata,Banglore,20:30:00,08:55:00,745,1.0,No Info,10203
Indigo,2019-05-27,Delhi,Cochin,17:05:00,22:15:00,310,1.0,No Info,6373
Air India,2019-03-01,Banglore,New Delhi,05:50:00,22:10:00,980,2.0,Change airports,13366
Jet Airways,2019-03-12,Banglore,New Delhi,22:55:00,15:15:00,980,1.0,No Info,13817
Multiple Carriers,2019-06-06,Delhi,Cochin,15:05:00,01:30:00,625,2.0,No Info,15965
Indigo,2019-06-12,Delhi,Cochin,05:05:00,16:10:00,665,1.0,No Info,6818
Air India,2019-06-01,Delhi,Cochin,21:00:00,19:15:00,1335,1.0,No Info,8582
Jet Airways,2019-03-21,Banglore,New Delhi,08:55:00,19:10:00,615,1.0,In-flight meal not included,7832
Multiple Carriers,2019-05-27,Delhi,Cochin,17:45:00,01:30:00,465,1.0,No Info,6795
Spicejet,2019-05-09,Kolkata,Banglore,15:55:00,21:25:00,330,1.0,No Info,8224
Indigo,2019-06-12,Delhi,Cochin,17:10:00,01:30:00,500,1.0,No Info,5883
Air India,2019-06-01,Mumbai,Hyderabad,19:30:00,20:45:00,75,0.0,No Info,3100
Air India,2019-06-12,Delhi,Cochin,21:00:00,07:40:00,640,1.0,No Info,8372
Jet Airways,2019-05-01,Kolkata,Banglore,16:30:00,08:15:00,945,1.0,In-flight meal not included,8586
Air Asia,2019-06-01,Kolkata,Banglore,22:50:00,01:20:00,150,0.0,No Info,4409
Multiple Carriers,2019-05-15,Delhi,Cochin,10:20:00,19:00:00,520,1.0,No Info,9794
Jet Airways,2019-06-06,Kolkata,Banglore,16:30:00,04:40:00,730,1.0,In-flight meal not included,6812
Vistara,2019-06-21,Delhi,Cochin,06:00:00,09:10:00,190,0.0,No Info,6216
Indigo,2019-04-18,Banglore,Delhi,16:55:00,19:55:00,180,0.0,No Info,4990
Air India,2019-05-09,Delhi,Cochin,13:15:00,09:25:00,1210,2.0,No Info,9417
Jet Airways,2019-05-21,Kolkata,Banglore,14:05:00,08:15:00,1090,1.0,In-flight meal not included,9663
Jet Airways,2019-03-24,Mumbai,Hyderabad,15:50:00,17:20:00,90,0.0,No Info,5678
Jet Airways,2019-05-21,Delhi,Cochin,18:15:00,19:00:00,1485,1.0,No Info,16079
Jet Airways,2019-03-27,Delhi,Cochin,20:50:00,04:25:00,455,1.0,No Info,12242
Multiple Carriers,2019-06-03,Delhi,Cochin,07:10:00,16:10:00,540,1.0,No Info,7878
Air Asia,2019-03-09,Kolkata,Banglore,10:20:00,12:55:00,155,0.0,No Info,4384
Jet Airways,2019-03-18,Banglore,New Delhi,16:55:00,10:25:00,1050,1.0,In-flight meal not included,11087
Air India,2019-06-06,Delhi,Cochin,05:15:00,06:50:00,1535,1.0,No Info,6587
Jet Airways,2019-03-21,Delhi,Cochin,18:25:00,04:25:00,600,2.0,In-flight meal not included,7791
Spicejet,2019-06-27,Chennai,Kolkata,08:20:00,10:35:00,135,0.0,No Info,3597
Air India,2019-06-06,Kolkata,Banglore,10:00:00,05:25:00,1165,2.0,No Info,12009
Indigo,2019-05-09,Kolkata,Banglore,21:00:00,02:15:00,315,1.0,No Info,7605
Indigo,2019-06-15,Delhi,Cochin,07:35:00,22:30:00,895,1.0,No Info,6442
Spicejet,2019-06-09,Delhi,Cochin,08:45:00,13:15:00,270,1.0,No Info,5264
Jet Airways,2019-06-24,Delhi,Cochin,02:15:00,19:00:00,1005,1.0,In-flight meal not included,10262
Air India,2019-05-27,Mumbai,Hyderabad,21:05:00,22:25:00,80,0.0,No Info,3100
Indigo,2019-06-18,Chennai,Kolkata,13:15:00,15:35:00,140,0.0,No Info,3597
Spicejet,2019-03-06,Delhi,Cochin,16:35:00,22:50:00,375,1.0,No Info,7185
Spicejet,2019-05-09,Kolkata,Banglore,15:05:00,20:20:00,315,1.0,No Info,4963
Air India,2019-03-12,Mumbai,Hyderabad,10:05:00,19:10:00,545,2.0,No Info,9736
Multiple Carriers,2019-05-18,Delhi,Cochin,11:40:00,19:15:00,455,1.0,No Info,9211
Indigo,2019-06-01,Banglore,Delhi,13:00:00,15:50:00,170,0.0,No Info,3943
Air India,2019-06-24,Delhi,Cochin,10:00:00,19:15:00,555,1.0,No Info,9194
Jet Airways,2019-06-03,Delhi,Cochin,18:15:00,04:25:00,610,1.0,No Info,14714
Air Asia,2019-06-24,Kolkata,Banglore,19:55:00,22:25:00,150,0.0,No Info,3807
Air India,2019-06-01,Delhi,Cochin,16:55:00,19:15:00,1580,2.0,No Info,13801
Jet Airways,2019-05-24,Kolkata,Banglore,20:00:00,22:35:00,1595,1.0,In-flight meal not included,10844
Air India,2019-03-06,Mumbai,Hyderabad,10:00:00,23:45:00,825,1.0,No Info,11678
Indigo,2019-03-03,Delhi,Cochin,11:55:00,21:20:00,565,2.0,No Info,9413
Jet Airways,2019-04-09,Banglore,Delhi,08:20:00,11:20:00,180,0.0,No Info,7229
Jet Airways,2019-05-12,Kolkata,Banglore,09:35:00,22:05:00,750,1.0,No Info,14151
Air India,2019-03-01,Mumbai,Hyderabad,19:30:00,20:45:00,75,0.0,No Info,15385
Jet Airways,2019-03-01,Banglore,New Delhi,14:05:00,10:25:00,1220,1.0,No Info,20800
Jet Airways,2019-06-12,Kolkata,Banglore,14:05:00,08:15:00,1090,1.0,No Info,13044
Indigo,2019-06-03,Banglore,Delhi,06:05:00,08:50:00,165,0.0,No Info,3943
Spicejet,2019-05-06,Chennai,Kolkata,08:20:00,10:35:00,135,0.0,No Info,3911
Indigo,2019-05-27,Banglore,Delhi,20:00:00,22:50:00,170,0.0,No Info,4823
Multiple Carriers,2019-03-03,Delhi,Cochin,13:00:00,01:35:00,755,1.0,No Info,18286
Multiple Carriers,2019-05-09,Delhi,Cochin,11:25:00,19:15:00,470,1.0,No Info,7575
Jet Airways,2019-05-01,Kolkata,Banglore,20:00:00,10:05:00,845,1.0,In-flight meal not included,8586
Air India,2019-04-24,Banglore,Delhi,10:00:00,12:45:00,165,0.0,No Info,6121
Jet Airways,2019-05-01,Kolkata,Banglore,14:05:00,09:20:00,1155,1.0,In-flight meal not included,9663
Jet Airways,2019-03-24,Kolkata,Banglore,16:55:00,23:25:00,390,1.0,In-flight meal not included,11134
Jet Airways,2019-03-06,Banglore,New Delhi,08:55:00,05:05:00,1210,1.0,No Info,16736
Goair,2019-03-09,Banglore,New Delhi,11:40:00,14:35:00,175,0.0,No Info,7305
Indigo,2019-06-24,Kolkata,Banglore,11:30:00,14:05:00,155,0.0,No Info,4804
Indigo,2019-03-18,Banglore,New Delhi,12:10:00,17:05:00,295,1.0,No Info,4410
Spicejet,2019-06-21,Mumbai,Hyderabad,05:45:00,07:15:00,90,0.0,No Info,2753
Jet Airways,2019-05-24,Kolkata,Banglore,18:55:00,23:35:00,1720,1.0,In-flight meal not included,10844
Multiple Carriers,2019-03-21,Delhi,Cochin,08:00:00,18:50:00,650,1.0,No Info,11667
Jet Airways,2019-03-24,Kolkata,Banglore,16:55:00,18:10:00,1515,1.0,No Info,14231
Air India,2019-06-12,Kolkata,Banglore,20:30:00,20:25:00,1435,1.0,No Info,10203
Spicejet,2019-06-06,Kolkata,Banglore,15:05:00,20:20:00,315,1.0,No Info,4649
Air India,2019-03-09,Delhi,Cochin,22:00:00,19:15:00,1275,2.0,No Info,16373
Jet Airways,2019-03-09,Delhi,Cochin,13:45:00,04:25:00,880,2.0,In-flight meal not included,15129
Indigo,2019-04-09,Delhi,Cochin,16:00:00,01:30:00,570,1.0,No Info,6573
Goair,2019-03-27,Delhi,Cochin,10:25:00,19:20:00,535,1.0,No Info,5281
Indigo,2019-06-27,Delhi,Cochin,02:00:00,07:25:00,325,1.0,No Info,5636
Multiple Carriers,2019-05-18,Delhi,Cochin,10:00:00,01:30:00,930,1.0,No Info,8073
Goair,2019-06-06,Banglore,Delhi,07:45:00,10:40:00,175,0.0,No Info,3898
Indigo,2019-03-01,Banglore,New Delhi,13:40:00,18:35:00,295,1.0,No Info,8707
Vistara,2019-04-01,Kolkata,Banglore,07:10:00,23:25:00,975,1.0,No Info,7927
Jet Airways,2019-04-01,Kolkata,Banglore,20:25:00,18:00:00,1295,1.0,No Info,11467
Multiple Carriers,2019-05-27,Delhi,Cochin,09:45:00,22:30:00,765,1.0,No Info,10486
Air India,2019-05-06,Delhi,Cochin,20:40:00,09:25:00,765,1.0,No Info,7480
Air India,2019-03-27,Delhi,Cochin,20:40:00,09:25:00,765,1.0,No Info,5117
Air India,2019-06-06,Kolkata,Banglore,09:25:00,18:30:00,545,1.0,No Info,8366
Indigo,2019-04-18,Kolkata,Banglore,17:15:00,19:50:00,155,0.0,No Info,4174
Indigo,2019-05-15,Kolkata,Banglore,06:20:00,10:20:00,240,1.0,No Info,4226
Vistara,2019-06-18,Chennai,Kolkata,07:05:00,09:20:00,135,0.0,No Info,3687
Indigo,2019-03-27,Mumbai,Hyderabad,21:20:00,22:45:00,85,0.0,No Info,2227
Indigo,2019-05-12,Mumbai,Hyderabad,16:55:00,18:25:00,90,0.0,No Info,3603
Spicejet,2019-06-21,Banglore,Delhi,21:10:00,00:05:00,175,0.0,No check-in baggage included,3919
Air India,2019-06-27,Kolkata,Banglore,20:45:00,23:20:00,155,0.0,No Info,4145
Jet Airways,2019-03-15,Mumbai,Hyderabad,15:50:00,17:20:00,90,0.0,In-flight meal not included,2470
Indigo,2019-05-24,Banglore,Delhi,04:00:00,06:50:00,170,0.0,No Info,3943
Jet Airways,2019-05-18,Delhi,Cochin,21:50:00,12:35:00,885,1.0,In-flight meal not included,12373
Jet Airways,2019-06-09,Delhi,Cochin,21:25:00,19:00:00,1295,2.0,No Info,13292
Jet Airways,2019-05-15,Kolkata,Banglore,09:35:00,19:10:00,575,1.0,No Info,13067
Jet Airways,2019-06-06,Delhi,Cochin,02:15:00,19:00:00,1005,1.0,In-flight meal not included,10262
Spicejet,2019-05-03,Kolkata,Banglore,22:20:00,00:40:00,140,0.0,No Info,3873
Jet Airways,2019-06-12,Delhi,Cochin,13:00:00,19:00:00,360,1.0,No Info,14714
Jet Airways,2019-05-06,Kolkata,Banglore,06:30:00,04:40:00,1330,1.0,No Info,13941
Multiple Carriers,2019-06-06,Delhi,Cochin,12:50:00,21:00:00,490,1.0,No Info,7005
Multiple Carriers,2019-06-27,Delhi,Cochin,13:00:00,21:00:00,480,1.0,No Info,7408
Jet Airways,2019-03-24,Kolkata,Banglore,19:45:00,18:10:00,1345,1.0,No Info,13759
Indigo,2019-05-15,Delhi,Cochin,21:05:00,00:20:00,195,0.0,No Info,6834
Multiple Carriers,2019-03-06,Delhi,Cochin,13:55:00,01:35:00,700,1.0,In-flight meal not included,15136
Air India,2019-03-18,Banglore,New Delhi,21:05:00,23:55:00,170,0.0,No Info,4441
Spicejet,2019-03-27,Kolkata,Banglore,17:15:00,19:45:00,150,0.0,No Info,3847
Spicejet,2019-05-18,Kolkata,Banglore,17:10:00,19:40:00,150,0.0,No check-in baggage included,3841
Jet Airways,2019-06-24,Delhi,Cochin,21:25:00,12:35:00,910,2.0,In-flight meal not included,10199
Air India,2019-04-01,Kolkata,Banglore,10:00:00,05:25:00,1165,2.0,No Info,12639
Jet Airways,2019-04-09,Banglore,Delhi,07:10:00,10:10:00,180,0.0,In-flight meal not included,4544
Jet Airways,2019-05-09,Kolkata,Banglore,06:30:00,10:05:00,1655,1.0,In-flight meal not included,8586
Vistara,2019-03-24,Banglore,New Delhi,07:00:00,09:40:00,160,0.0,No Info,5403
Spicejet,2019-03-09,Delhi,Cochin,06:10:00,11:20:00,310,1.0,No Info,8382
Jet Airways,2019-06-01,Delhi,Cochin,02:15:00,12:35:00,620,1.0,No Info,14714
Air India,2019-06-15,Delhi,Cochin,05:10:00,08:00:00,170,0.0,No Info,5201
Jet Airways,2019-03-21,Delhi,Cochin,19:10:00,04:25:00,1995,2.0,In-flight meal not included,8834
Air India,2019-03-27,Delhi,Cochin,21:00:00,19:15:00,1335,1.0,No Info,6692
Indigo,2019-06-03,Delhi,Cochin,08:35:00,16:10:00,455,1.0,No Info,6442
Spicejet,2019-04-18,Kolkata,Banglore,06:55:00,09:30:00,155,0.0,No Info,3873
Jet Airways,2019-03-24,Kolkata,Banglore,18:55:00,16:20:00,1285,1.0,No Info,14231
Jet Airways,2019-05-18,Delhi,Cochin,20:55:00,04:25:00,450,1.0,In-flight meal not included,12373
Air India,2019-05-21,Delhi,Cochin,05:00:00,19:15:00,2295,2.0,No Info,9968
Air India,2019-05-27,Delhi,Cochin,19:45:00,19:15:00,1410,2.0,No Info,10441
Indigo,2019-03-21,Chennai,Kolkata,07:55:00,10:15:00,140,0.0,No Info,3384
Indigo,2019-04-12,Kolkata,Banglore,09:35:00,12:20:00,165,0.0,No Info,4174
Jet Airways,2019-05-09,Banglore,Delhi,17:45:00,20:45:00,180,0.0,In-flight meal not included,5198
Air India,2019-06-01,Delhi,Cochin,09:00:00,19:15:00,615,1.0,No Info,10454
Jet Airways,2019-03-24,Kolkata,Banglore,06:30:00,23:25:00,1015,1.0,No Info,13339
Vistara,2019-05-06,Chennai,Kolkata,17:45:00,20:05:00,140,0.0,No Info,11982
Jet Airways,2019-03-06,Delhi,Cochin,09:55:00,18:50:00,535,1.0,No Info,17024
Jet Airways,2019-03-21,Delhi,Cochin,19:45:00,04:25:00,520,1.0,No Info,12557
Vistara,2019-03-15,Banglore,New Delhi,07:00:00,09:40:00,160,0.0,No Info,6138
Jet Airways,2019-04-01,Kolkata,Banglore,16:30:00,23:35:00,425,1.0,No Info,12681
Spicejet,2019-04-03,Kolkata,Banglore,06:55:00,09:30:00,155,0.0,No check-in baggage included,3841
Vistara,2019-04-03,Banglore,Delhi,09:45:00,12:35:00,170,0.0,No Info,5403
Air Asia,2019-05-09,Kolkata,Banglore,06:50:00,10:30:00,220,1.0,No Info,5162
Air India,2019-03-06,Delhi,Cochin,17:15:00,09:25:00,970,2.0,No Info,9417
Jet Airways,2019-03-12,Banglore,New Delhi,22:55:00,20:20:00,1285,1.0,In-flight meal not included,11087
Spicejet,2019-05-18,Chennai,Kolkata,08:20:00,10:35:00,135,0.0,No check-in baggage included,3543
Air India,2019-03-09,Banglore,New Delhi,05:50:00,22:45:00,1015,1.0,No Info,10657
Spicejet,2019-05-24,Kolkata,Banglore,22:20:00,00:40:00,140,0.0,No check-in baggage included,3841
Indigo,2019-03-03,Chennai,Kolkata,07:55:00,10:15:00,140,0.0,No Info,7295
Air India,2019-06-01,Delhi,Cochin,12:30:00,09:25:00,1255,1.0,No Info,7480
Jet Airways,2019-05-12,Kolkata,Banglore,18:55:00,09:20:00,865,1.0,No Info,14388
Air India,2019-05-09,Mumbai,Hyderabad,21:05:00,22:25:00,80,0.0,No Info,3100
Air India,2019-06-06,Kolkata,Banglore,10:00:00,01:20:00,920,2.0,No Info,13033
Jet Airways,2019-05-18,Kolkata,Banglore,16:30:00,04:40:00,730,1.0,No Info,13941
Jet Airways,2019-05-06,Kolkata,Banglore,20:25:00,18:00:00,1295,1.0,No Info,11467
Jet Airways,2019-05-09,Delhi,Cochin,22:50:00,19:00:00,1210,1.0,In-flight meal not included,12373
Air India,2019-03-21,Delhi,Cochin,23:00:00,19:15:00,1215,1.0,No Info,6745
Air India,2019-05-12,Mumbai,Hyderabad,19:30:00,20:45:00,75,0.0,No Info,3625
Indigo,2019-03-06,Kolkata,Banglore,15:20:00,17:55:00,155,0.0,No Info,5618
Air India,2019-03-15,Banglore,New Delhi,22:00:00,23:20:00,1520,1.0,No Info,6850
Jet Airways,2019-06-12,Kolkata,Banglore,18:55:00,04:40:00,585,1.0,No Info,12576
Jet Airways,2019-05-06,Kolkata,Banglore,17:00:00,23:35:00,395,1.0,No Info,12121
Vistara,2019-04-18,Banglore,Delhi,21:00:00,23:50:00,170,0.0,No Info,5613
Multiple Carriers,2019-06-01,Delhi,Cochin,16:00:00,01:30:00,570,1.0,No Info,13377
Air India,2019-05-15,Kolkata,Banglore,20:30:00,13:45:00,1035,2.0,No Info,16057
Jet Airways,2019-05-15,Kolkata,Banglore,21:10:00,10:05:00,775,1.0,No Info,15149
Air India,2019-03-06,Delhi,Cochin,06:10:00,08:15:00,1565,1.0,No Info,11038
Jet Airways,2019-04-27,Banglore,Delhi,15:15:00,18:10:00,175,0.0,In-flight meal not included,4544
Air Asia,2019-05-09,Kolkata,Banglore,22:50:00,01:20:00,150,0.0,No Info,3807
Multiple Carriers,2019-03-27,Delhi,Cochin,08:55:00,15:30:00,395,1.0,No Info,7845
Air Asia,2019-05-03,Banglore,Delhi,23:55:00,02:45:00,170,0.0,No Info,4483
Air India,2019-06-21,Kolkata,Banglore,14:15:00,16:45:00,150,0.0,No Info,5510
Vistara,2019-03-24,Kolkata,Banglore,07:10:00,22:55:00,945,1.0,No Info,12732
Jet Airways,2019-03-12,Banglore,New Delhi,22:55:00,13:15:00,860,1.0,In-flight meal not included,11087
Jet Airways,2019-05-15,Kolkata,Banglore,18:55:00,08:15:00,800,1.0,No Info,14388
Indigo,2019-03-09,Banglore,New Delhi,07:30:00,12:20:00,290,1.0,No Info,5694
Indigo,2019-06-03,Mumbai,Hyderabad,12:00:00,13:30:00,90,0.0,No Info,2754
Jet Airways,2019-05-21,Kolkata,Banglore,06:30:00,18:15:00,705,1.0,No Info,14781
Jet Airways,2019-05-15,Kolkata,Banglore,20:25:00,14:25:00,1080,1.0,No Info,11467
Spicejet,2019-03-27,Delhi,Cochin,08:45:00,13:15:00,270,1.0,No Info,4466
Jet Airways,2019-03-21,Delhi,Cochin,17:30:00,04:25:00,655,1.0,No Info,12557
Jet Airways,2019-03-27,Delhi,Cochin,19:15:00,19:45:00,1470,1.0,In-flight meal not included,5963
Jet Airways,2019-06-03,Delhi,Cochin,19:45:00,19:00:00,1395,1.0,In-flight meal not included,10262
Indigo,2019-06-27,Delhi,Cochin,17:10:00,01:30:00,500,1.0,No Info,5684
Air India,2019-05-18,Delhi,Cochin,17:15:00,19:15:00,1560,2.0,No Info,12392
Jet Airways,2019-05-27,Delhi,Cochin,18:15:00,19:00:00,1485,1.0,No Info,16079
Indigo,2019-03-03,Kolkata,Banglore,15:10:00,17:45:00,155,0.0,No Info,6985
Air India,2019-04-15,Banglore,Delhi,06:10:00,08:55:00,165,0.0,No Info,5228
Air Asia,2019-05-18,Banglore,Delhi,23:55:00,02:45:00,170,0.0,No Info,4483
Spicejet,2019-06-06,Kolkata,Banglore,11:35:00,18:50:00,435,1.0,No Info,8479
Jet Airways,2019-03-06,Banglore,New Delhi,07:00:00,21:20:00,860,1.0,No Info,16736
Jet Airways,2019-05-09,Delhi,Cochin,11:00:00,14:15:00,195,0.0,No Info,9564
Jet Airways,2019-03-12,Banglore,New Delhi,21:25:00,08:15:00,650,1.0,No Info,12547
Air India,2019-05-09,Delhi,Cochin,14:10:00,17:10:00,180,0.0,No Info,6094
Air India,2019-03-15,Mumbai,Hyderabad,21:05:00,22:25:00,80,0.0,No Info,3100
Air India,2019-03-27,Delhi,Cochin,13:05:00,07:40:00,1115,2.0,No Info,8892
Indigo,2019-05-21,Banglore,Delhi,08:30:00,11:20:00,170,0.0,No Info,4823
Multiple Carriers,2019-03-27,Delhi,Cochin,06:00:00,19:15:00,795,1.0,No Info,8371
Spicejet,2019-05-12,Mumbai,Hyderabad,05:45:00,07:15:00,90,0.0,No check-in baggage included,1965
Jet Airways,2019-03-15,Banglore,New Delhi,05:45:00,16:10:00,625,1.0,In-flight meal not included,9134
Vistara,2019-06-27,Delhi,Cochin,14:40:00,17:50:00,190,0.0,No Info,6216
Multiple Carriers,2019-03-09,Delhi,Cochin,06:50:00,19:15:00,745,1.0,In-flight meal not included,14817
Jet Airways,2019-05-27,Delhi,Cochin,21:50:00,19:00:00,1270,1.0,In-flight meal not included,12898
Spicejet,2019-05-12,Mumbai,Hyderabad,22:45:00,00:15:00,90,0.0,No check-in baggage included,1965
Indigo,2019-05-12,Chennai,Kolkata,05:15:00,07:40:00,145,0.0,No Info,3540
Air India,2019-04-01,Mumbai,Hyderabad,19:30:00,20:45:00,75,0.0,No Info,2050
Multiple Carriers,2019-05-09,Delhi,Cochin,19:00:00,01:30:00,390,1.0,No Info,9424
Air Asia,2019-05-27,Delhi,Cochin,07:55:00,13:25:00,330,1.0,No Info,6451
Indigo,2019-06-27,Kolkata,Banglore,11:30:00,14:05:00,155,0.0,No Info,4804
Indigo,2019-06-09,Delhi,Cochin,09:15:00,01:30:00,975,1.0,No Info,6628
Air India,2019-05-27,Delhi,Cochin,07:00:00,19:15:00,735,1.0,No Info,9929
Jet Airways,2019-05-15,Banglore,Delhi,17:45:00,20:45:00,180,0.0,In-flight meal not included,4030
Indigo,2019-05-09,Delhi,Cochin,20:25:00,01:30:00,305,1.0,No Info,7255
Indigo,2019-03-15,Kolkata,Banglore,20:25:00,23:05:00,160,0.0,No Info,4462
Indigo,2019-04-12,Kolkata,Banglore,14:25:00,16:55:00,150,0.0,No Info,5224
Indigo,2019-04-09,Kolkata,Banglore,19:55:00,23:50:00,235,1.0,No Info,4226
Jet Airways,2019-03-18,Banglore,New Delhi,08:55:00,15:55:00,420,2.0,In-flight meal not included,11245
Spicejet,2019-05-27,Chennai,Kolkata,09:45:00,12:00:00,135,0.0,No check-in baggage included,3543
Multiple Carriers,2019-06-12,Delhi,Cochin,11:40:00,19:15:00,455,1.0,No Info,8266
Jet Airways,2019-06-03,Delhi,Cochin,13:00:00,19:00:00,360,1.0,No Info,14714
Air Asia,2019-03-21,Kolkata,Banglore,10:20:00,12:55:00,155,0.0,No Info,4082
Jet Airways,2019-06-27,Delhi,Cochin,06:45:00,12:35:00,1790,2.0,In-flight meal not included,10919
Jet Airways,2019-04-18,Banglore,Delhi,17:45:00,20:45:00,180,0.0,No Info,7229
Indigo,2019-04-01,Banglore,Delhi,16:55:00,19:55:00,180,0.0,No Info,4823
Air India,2019-05-18,Delhi,Cochin,17:40:00,08:15:00,875,1.0,No Info,8361
Indigo,2019-03-21,Banglore,New Delhi,18:25:00,21:20:00,175,0.0,No Info,6144
Jet Airways,2019-05-21,Delhi,Cochin,20:00:00,04:25:00,505,2.0,In-flight meal not included,15318
Jet Airways,2019-05-12,Kolkata,Banglore,08:25:00,08:15:00,1430,1.0,In-flight meal not included,8586
Spicejet,2019-06-06,Delhi,Cochin,15:45:00,22:05:00,380,1.0,No Info,5583
Spicejet,2019-03-06,Kolkata,Banglore,09:00:00,11:30:00,150,0.0,No Info,4096
Air India,2019-03-18,Kolkata,Banglore,20:45:00,23:20:00,155,0.0,No Info,4435
Air India,2019-06-06,Delhi,Cochin,13:20:00,19:15:00,1795,2.0,No Info,12961
Indigo,2019-06-12,Kolkata,Banglore,21:00:00,02:15:00,315,1.0,No Info,5930
Air India,2019-03-24,Kolkata,Banglore,09:25:00,05:35:00,1210,2.0,No Info,12352
Multiple Carriers,2019-03-09,Delhi,Cochin,15:05:00,01:35:00,630,1.0,In-flight meal not included,14086
Indigo,2019-04-03,Delhi,Cochin,07:35:00,12:10:00,275,1.0,No Info,5073
Indigo,2019-05-12,Delhi,Cochin,05:35:00,08:50:00,195,0.0,No Info,6015
Indigo,2019-03-21,Banglore,New Delhi,00:40:00,03:25:00,165,0.0,No Info,4944
Multiple Carriers,2019-03-21,Delhi,Cochin,17:00:00,01:35:00,515,1.0,No Info,7363
Indigo,2019-03-21,Delhi,Cochin,06:40:00,12:00:00,320,1.0,No Info,5761
Indigo,2019-06-03,Kolkata,Banglore,17:15:00,19:50:00,155,0.0,No Info,4804
Indigo,2019-05-21,Mumbai,Hyderabad,09:10:00,10:40:00,90,0.0,No Info,4049
Indigo,2019-06-01,Kolkata,Banglore,20:20:00,22:55:00,155,0.0,No Info,4804
Jet Airways,2019-05-15,Kolkata,Banglore,09:35:00,14:25:00,1730,1.0,No Info,11467
Jet Airways,2019-05-18,Kolkata,Banglore,08:25:00,12:00:00,1655,1.0,In-flight meal not included,10844
Multiple Carriers,2019-05-21,Delhi,Cochin,07:10:00,18:10:00,660,1.0,No Info,7038
Indigo,2019-03-21,Kolkata,Banglore,10:10:00,12:55:00,165,0.0,No Info,5198
Jet Airways,2019-06-12,Delhi,Cochin,18:20:00,12:35:00,1095,2.0,No Info,14300
Air India,2019-03-18,Banglore,New Delhi,17:25:00,23:25:00,1800,2.0,No Info,11518
Jet Airways,2019-05-12,Kolkata,Banglore,16:30:00,20:45:00,1695,1.0,In-flight meal not included,10844
Indigo,2019-05-15,Delhi,Cochin,14:20:00,22:30:00,490,1.0,No Info,6412
Spicejet,2019-05-15,Kolkata,Banglore,06:55:00,09:30:00,155,0.0,No Info,3873
Jet Airways,2019-05-09,Delhi,Cochin,19:45:00,04:25:00,520,1.0,In-flight meal not included,12373
Multiple Carriers,2019-06-06,Delhi,Cochin,14:00:00,21:00:00,420,1.0,No Info,13587
Multiple Carriers,2019-05-18,Delhi,Cochin,07:00:00,19:00:00,720,1.0,No Info,10197
Spicejet,2019-06-06,Delhi,Cochin,08:45:00,13:15:00,270,1.0,No Info,5264
Air India,2019-05-18,Delhi,Cochin,21:00:00,07:40:00,640,1.0,No Info,8372
Jet Airways,2019-06-27,Delhi,Cochin,21:25:00,12:35:00,910,2.0,In-flight meal not included,11507
Multiple Carriers,2019-03-03,Delhi,Cochin,04:00:00,13:20:00,560,1.0,No Info,14973
Spicejet,2019-06-18,Kolkata,Banglore,09:00:00,11:25:00,145,0.0,No Info,3873
Multiple Carriers,2019-03-27,Delhi,Cochin,08:55:00,19:15:00,620,1.0,No Info,8371
Multiple Carriers,2019-06-15,Delhi,Cochin,11:40:00,19:00:00,440,1.0,No Info,11789
Indigo,2019-04-01,Kolkata,Banglore,09:20:00,14:15:00,295,1.0,No Info,10308
Jet Airways,2019-03-24,Kolkata,Banglore,21:10:00,10:05:00,775,1.0,No Info,14914
Indigo,2019-03-01,Banglore,New Delhi,21:20:00,00:15:00,175,0.0,No Info,12649
Jet Airways,2019-06-24,Delhi,Cochin,14:00:00,19:00:00,300,1.0,No Info,14714
Jet Airways,2019-06-27,Delhi,Cochin,09:40:00,12:35:00,1615,2.0,In-flight meal not included,11118
Jet Airways,2019-03-03,Delhi,Cochin,18:20:00,04:25:00,2045,2.0,No Info,20747
Indigo,2019-06-27,Kolkata,Banglore,20:25:00,23:10:00,165,0.0,No Info,4804
Indigo,2019-03-09,Kolkata,Banglore,05:30:00,08:20:00,170,0.0,No Info,4148
Air India,2019-06-06,Kolkata,Banglore,12:00:00,11:10:00,1390,2.0,No Info,9416
Jet Airways,2019-06-01,Mumbai,Hyderabad,02:55:00,04:20:00,85,0.0,No Info,5678
Jet Airways,2019-05-27,Delhi,Cochin,09:40:00,12:35:00,1615,2.0,No Info,15129
Multiple Carriers,2019-05-27,Delhi,Cochin,08:00:00,19:15:00,675,1.0,In-flight meal not included,11761
Vistara,2019-06-09,Kolkata,Banglore,07:10:00,10:45:00,1655,1.0,No Info,9397
Multiple Carriers,2019-03-06,Delhi,Cochin,07:05:00,15:30:00,505,1.0,No Info,17267
Air India,2019-05-24,Kolkata,Banglore,09:10:00,13:15:00,245,1.0,No Info,8996
Jet Airways,2019-06-01,Delhi,Cochin,05:30:00,04:25:00,1375,2.0,In-flight meal not included,10368
Vistara,2019-06-01,Delhi,Cochin,06:00:00,09:10:00,190,0.0,No Info,6741
Multiple Carriers,2019-05-27,Delhi,Cochin,08:45:00,19:00:00,615,1.0,No Info,10529
Air India,2019-04-01,Kolkata,Banglore,20:30:00,23:15:00,1605,1.0,No Info,7211
Air India,2019-03-21,Delhi,Cochin,08:00:00,19:15:00,675,1.0,No Info,7199
Air India,2019-06-15,Delhi,Cochin,03:50:00,19:15:00,925,1.0,No Info,9929
Indigo,2019-05-15,Banglore,Delhi,22:10:00,01:00:00,170,0.0,No Info,3419
Jet Airways,2019-03-24,Kolkata,Banglore,19:45:00,23:25:00,1660,1.0,No Info,13759
Indigo,2019-03-27,Delhi,Cochin,06:40:00,12:00:00,320,1.0,No Info,5298
Multiple Carriers,2019-06-01,Delhi,Cochin,03:50:00,12:35:00,525,1.0,No Info,12192
Indigo,2019-06-09,Delhi,Cochin,16:00:00,01:30:00,570,1.0,No Info,6316
Jet Airways,2019-05-24,Mumbai,Hyderabad,07:05:00,08:30:00,85,0.0,In-flight meal not included,4995
Multiple Carriers,2019-03-06,Delhi,Cochin,09:45:00,22:20:00,755,1.0,No Info,10276
Indigo,2019-03-21,Delhi,Cochin,04:55:00,21:20:00,985,2.0,No Info,6223
Jet Airways,2019-03-21,Delhi,Cochin,05:30:00,18:50:00,2240,2.0,In-flight meal not included,9328
Jet Airways,2019-03-06,Delhi,Cochin,13:00:00,04:25:00,925,1.0,In-flight meal not included,13843
Air India,2019-06-06,Kolkata,Banglore,14:30:00,08:55:00,1105,2.0,No Info,15894
Jet Airways,2019-03-21,Banglore,New Delhi,08:55:00,16:10:00,435,1.0,In-flight meal not included,7832
Jet Airways,2019-05-18,Mumbai,Hyderabad,07:05:00,08:30:00,85,0.0,No Info,5678
Indigo,2019-03-21,Banglore,New Delhi,04:00:00,06:50:00,170,0.0,No Info,4777
Spicejet,2019-04-18,Kolkata,Banglore,17:10:00,19:40:00,150,0.0,No Info,4174
Vistara,2019-06-12,Kolkata,Banglore,07:10:00,10:45:00,1655,1.0,No Info,8452
Vistara,2019-03-24,Kolkata,Banglore,17:00:00,10:50:00,1070,1.0,No Info,12890
Jet Airways,2019-05-18,Delhi,Cochin,23:05:00,04:25:00,1760,2.0,No Info,15129
Indigo,2019-06-09,Kolkata,Banglore,21:00:00,02:15:00,315,1.0,No Info,6911
Air India,2019-06-09,Delhi,Cochin,20:40:00,09:25:00,765,1.0,No Info,7690
Jet Airways,2019-05-24,Kolkata,Banglore,18:55:00,18:15:00,1400,1.0,In-flight meal not included,10844
Jet Airways,2019-06-03,Mumbai,Hyderabad,02:55:00,04:20:00,85,0.0,In-flight meal not included,4050
Jet Airways,2019-05-21,Delhi,Cochin,19:45:00,19:00:00,1395,1.0,No Info,16079
Spicejet,2019-06-06,Chennai,Kolkata,08:20:00,10:35:00,135,0.0,No check-in baggage included,3543
Indigo,2019-05-06,Banglore,Delhi,21:15:00,00:15:00,180,0.0,No Info,3943
Jet Airways,2019-05-24,Kolkata,Banglore,16:30:00,09:20:00,1010,1.0,No Info,14178
Multiple Carriers,2019-05-21,Delhi,Cochin,14:00:00,21:00:00,420,1.0,No Info,14067
Jet Airways,2019-05-18,Delhi,Cochin,09:00:00,04:25:00,1165,1.0,In-flight meal not included,12373
Air India,2019-06-15,Delhi,Cochin,06:50:00,07:40:00,1490,2.0,No Info,13591
Indigo,2019-03-24,Kolkata,Banglore,05:30:00,08:20:00,170,0.0,No Info,4778
Vistara,2019-03-24,Kolkata,Banglore,07:10:00,20:25:00,795,1.0,No Info,13152
Jet Airways,2019-05-06,Kolkata,Banglore,08:25:00,19:50:00,685,1.0,In-flight meal not included,10844
Spicejet,2019-06-27,Delhi,Cochin,08:45:00,13:15:00,270,1.0,No Info,4812
Jet Airways,2019-04-21,Banglore,Delhi,17:45:00,20:45:00,180,0.0,In-flight meal not included,4544
Air India,2019-03-06,Delhi,Cochin,05:55:00,07:40:00,1545,2.0,No Info,15428
Jet Airways,2019-06-01,Delhi,Cochin,20:00:00,04:25:00,505,2.0,No Info,16263
Jet Airways,2019-06-09,Kolkata,Banglore,20:25:00,22:05:00,1540,1.0,No Info,12692
Air India,2019-03-06,Mumbai,Hyderabad,21:10:00,16:55:00,255,2.0,No Info,17327
Spicejet,2019-06-18,Banglore,Delhi,21:10:00,00:05:00,175,0.0,No Info,3971
Jet Airways,2019-06-15,Delhi,Cochin,05:30:00,19:00:00,810,2.0,In-flight meal not included,10368
Indigo,2019-06-24,Mumbai,Hyderabad,19:05:00,20:35:00,90,0.0,No Info,2754
Jet Airways,2019-04-09,Banglore,Delhi,11:10:00,14:05:00,175,0.0,In-flight meal not included,4544
Spicejet,2019-05-18,Kolkata,Banglore,06:55:00,09:30:00,155,0.0,No check-in baggage included,3841
Indigo,2019-05-09,Delhi,Cochin,14:20:00,22:30:00,490,1.0,No Info,6704
Multiple Carriers,2019-06-24,Delhi,Cochin,10:35:00,19:00:00,505,1.0,No Info,10678
Indigo,2019-06-24,Banglore,Delhi,10:10:00,13:00:00,170,0.0,No Info,3943
Multiple Carriers,2019-03-21,Delhi,Cochin,09:10:00,18:50:00,580,1.0,No Info,13069
Indigo,2019-03-06,Chennai,Kolkata,11:35:00,14:00:00,145,0.0,No Info,7295
Air India,2019-03-01,Banglore,New Delhi,08:50:00,23:25:00,875,2.0,1 Short layover,26743
Jet Airways,2019-06-24,Delhi,Cochin,21:50:00,19:00:00,1270,1.0,In-flight meal not included,10262
Jet Airways,2019-03-06,Delhi,Cochin,19:45:00,19:45:00,1440,1.0,No Info,17024
Spicejet,2019-04-15,Kolkata,Banglore,17:10:00,19:40:00,150,0.0,No check-in baggage included,3841
Goair,2019-06-12,Delhi,Cochin,10:35:00,19:35:00,540,1.0,No Info,4959
